set1,set2,set3
21.586006319999999,11.252014839999999,29.322192220000002
20.925901870000001,21.600026769999999,14.05178963
20.595849640000001,19.057683300000001,14.269245359999999
21.916058540000002,22.809872389999999,14.41455339
11.836809710000001,18.001636479999998,13.98975538
11.8558784,9.3746867710000004,14.399958290000001
11.78370717,10.03865192,14.52802213
11.73228759,17.793425769999999,14.61157326
11.767500760000001,14.07200177,14.41291034
